BEGIN;

INSERT INTO users (user_id, first_name, last_name, email, phone, password_hash, role) VALUES
('00000000-0000-0000-0000-000000000001', 'Иван', 'Иванов', 'admin@carkeeper.ru', '+7 (999) 111-11-11', '$2a$10$Fcvkmk0b3WKilWVpHAVX8ulFTBcpDntblEstVl7uFy16tNnzCxdwS', 'admin'),
('00000000-0000-0000-0000-000000000002', 'Петр', 'Петров', 'manager@carkeeper.ru', '+7 (999) 222-22-22', '$2a$10$Fcvkmk0b3WKilWVpHAVX8ulFTBcpDntblEstVl7uFy16tNnzCxdwS', 'manager'),
('00000000-0000-0000-0000-000000000003', 'Мария', 'Сидорова', 'customer@carkeeper.ru', '+7 (999) 333-33-33', '$2a$10$Fcvkmk0b3WKilWVpHAVX8ulFTBcpDntblEstVl7uFy16tNnzCxdwS', 'customer');

INSERT INTO branches (branch_id, name, address, phone, email, is_active) VALUES
('10000000-0000-0000-0000-000000000001', 'Центральный филиал', 'г. Москва, ул. Ленинградская, д. 1', '+7 (495) 111-11-11', 'center@carkeeper.ru', true),
('10000000-0000-0000-0000-000000000002', 'Северный филиал', 'г. Москва, ул. Северная, д. 10', '+7 (495) 222-22-22', 'north@carkeeper.ru', true),
('10000000-0000-0000-0000-000000000003', 'Южный филиал', 'г. Москва, ул. Южная, д. 20', '+7 (495) 333-33-33', 'south@carkeeper.ru', true);

INSERT INTO brands (brand_id, name, country) VALUES
('20000000-0000-0000-0000-000000000001', 'Toyota', 'Япония'),
('20000000-0000-0000-0000-000000000002', 'BMW', 'Германия'),
('20000000-0000-0000-0000-000000000003', 'Mercedes-Benz', 'Германия'),
('20000000-0000-0000-0000-000000000004', 'Audi', 'Германия'),
('20000000-0000-0000-0000-000000000005', 'Volkswagen', 'Германия');

INSERT INTO models (model_id, brand_id, name, segment, description) VALUES
('30000000-0000-0000-0000-000000000001', '20000000-0000-0000-0000-000000000001', 'Camry', 'D', 'Среднеразмерный седан'),
('30000000-0000-0000-0000-000000000002', '20000000-0000-0000-0000-000000000001', 'RAV4', 'J', 'Компактный кроссовер'),
('30000000-0000-0000-0000-000000000003', '20000000-0000-0000-0000-000000000002', '3 Series', 'D', 'Премиальный седан'),
('30000000-0000-0000-0000-000000000004', '20000000-0000-0000-0000-000000000002', 'X5', 'J', 'Премиальный внедорожник'),
('30000000-0000-0000-0000-000000000005', '20000000-0000-0000-0000-000000000003', 'C-Class', 'D', 'Премиальный седан'),
('30000000-0000-0000-0000-000000000006', '20000000-0000-0000-0000-000000000004', 'A4', 'D', 'Премиальный седан'),
('30000000-0000-0000-0000-000000000007', '20000000-0000-0000-0000-000000000005', 'Passat', 'D', 'Среднеразмерный седан');

INSERT INTO generations (generation_id, model_id, name, year_from, year_to) VALUES
('40000000-0000-0000-0000-000000000001', '30000000-0000-0000-0000-000000000001', 'VIII (XV70)', 2017, 2023),
('40000000-0000-0000-0000-000000000002', '30000000-0000-0000-0000-000000000001', 'IX (XV80)', 2023, NULL),
('40000000-0000-0000-0000-000000000003', '30000000-0000-0000-0000-000000000002', 'V (XA50)', 2018, NULL),
('40000000-0000-0000-0000-000000000004', '30000000-0000-0000-0000-000000000003', 'G20', 2019, NULL),
('40000000-0000-0000-0000-000000000005', '30000000-0000-0000-0000-000000000004', 'G05', 2018, NULL),
('40000000-0000-0000-0000-000000000006', '30000000-0000-0000-0000-000000000005', 'W205', 2014, 2021),
('40000000-0000-0000-0000-000000000007', '30000000-0000-0000-0000-000000000005', 'W206', 2021, NULL),
('40000000-0000-0000-0000-000000000008', '30000000-0000-0000-0000-000000000006', 'B9', 2015, 2023),
('40000000-0000-0000-0000-000000000009', '30000000-0000-0000-0000-000000000007', 'B8', 2014, 2022);

INSERT INTO engine_types (engine_type_id, name) VALUES
('50000000-0000-0000-0000-000000000001', 'Бензиновый'),
('50000000-0000-0000-0000-000000000002', 'Дизельный'),
('50000000-0000-0000-0000-000000000003', 'Гибридный'),
('50000000-0000-0000-0000-000000000004', 'Электрический');

INSERT INTO transmissions (transmission_id, name) VALUES
('60000000-0000-0000-0000-000000000001', 'Механическая'),
('60000000-0000-0000-0000-000000000002', 'Автоматическая'),
('60000000-0000-0000-0000-000000000003', 'Роботизированная'),
('60000000-0000-0000-0000-000000000004', 'Вариатор');

INSERT INTO drive_types (drive_type_id, name) VALUES
('70000000-0000-0000-0000-000000000001', 'Передний'),
('70000000-0000-0000-0000-000000000002', 'Задний'),
('70000000-0000-0000-0000-000000000003', 'Полный');

INSERT INTO trims (trim_id, generation_id, name, base_price, engine_type_id, transmission_id, drive_type_id, is_available) VALUES
('80000000-0000-0000-0000-000000000001', '40000000-0000-0000-0000-000000000001', 'Comfort', 2500000.00, '50000000-0000-0000-0000-000000000001', '60000000-0000-0000-0000-000000000002', '70000000-0000-0000-0000-000000000001', true),
('80000000-0000-0000-0000-000000000002', '40000000-0000-0000-0000-000000000001', 'Elegance', 2800000.00, '50000000-0000-0000-0000-000000000001', '60000000-0000-0000-0000-000000000002', '70000000-0000-0000-0000-000000000001', true),
('80000000-0000-0000-0000-000000000003', '40000000-0000-0000-0000-000000000002', 'Comfort', 2700000.00, '50000000-0000-0000-0000-000000000003', '60000000-0000-0000-0000-000000000002', '70000000-0000-0000-0000-000000000001', true),
('80000000-0000-0000-0000-000000000004', '40000000-0000-0000-0000-000000000003', 'Comfort', 3200000.00, '50000000-0000-0000-0000-000000000001', '60000000-0000-0000-0000-000000000002', '70000000-0000-0000-0000-000000000003', true),
('80000000-0000-0000-0000-000000000005', '40000000-0000-0000-0000-000000000004', '320i', 3500000.00, '50000000-0000-0000-0000-000000000001', '60000000-0000-0000-0000-000000000002', '70000000-0000-0000-0000-000000000002', true),
('80000000-0000-0000-0000-000000000006', '40000000-0000-0000-0000-000000000005', 'xDrive30d', 5500000.00, '50000000-0000-0000-0000-000000000002', '60000000-0000-0000-0000-000000000002', '70000000-0000-0000-0000-000000000003', true),
('80000000-0000-0000-0000-000000000007', '40000000-0000-0000-0000-000000000006', 'C200', 3800000.00, '50000000-0000-0000-0000-000000000001', '60000000-0000-0000-0000-000000000002', '70000000-0000-0000-0000-000000000002', true),
('80000000-0000-0000-0000-000000000008', '40000000-0000-0000-0000-000000000007', 'C200', 4200000.00, '50000000-0000-0000-0000-000000000001', '60000000-0000-0000-0000-000000000002', '70000000-0000-0000-0000-000000000002', true);

INSERT INTO colors (color_id, name, hex_code, price_delta, is_available) VALUES
('90000000-0000-0000-0000-000000000001', 'Белый', '#FFFFFF', 0.00, true),
('90000000-0000-0000-0000-000000000002', 'Черный', '#000000', 0.00, true),
('90000000-0000-0000-0000-000000000003', 'Серебристый', '#C0C0C0', 0.00, true),
('90000000-0000-0000-0000-000000000004', 'Красный', '#FF0000', 50000.00, true),
('90000000-0000-0000-0000-000000000005', 'Синий', '#0000FF', 50000.00, true),
('90000000-0000-0000-0000-000000000006', 'Серый', '#808080', 0.00, true),
('90000000-0000-0000-0000-000000000007', 'Металлик', NULL, 100000.00, true);

INSERT INTO options (option_id, name, description, price, is_available) VALUES
('a0000000-0000-0000-0000-000000000001', 'Кожаный салон', 'Обивка салона натуральной кожей', 150000.00, true),
('a0000000-0000-0000-0000-000000000002', 'Панорамная крыша', 'Стеклянная панорамная крыша', 200000.00, true),
('a0000000-0000-0000-0000-000000000003', 'Круиз-контроль', 'Адаптивный круиз-контроль', 80000.00, true),
('a0000000-0000-0000-0000-000000000004', 'Камера заднего вида', 'Камера заднего вида с парковочными линиями', 50000.00, true),
('a0000000-0000-0000-0000-000000000005', 'Подогрев сидений', 'Подогрев передних и задних сидений', 60000.00, true),
('a0000000-0000-0000-0000-000000000006', 'Навигационная система', 'Встроенная навигационная система', 120000.00, true),
('a0000000-0000-0000-0000-000000000007', 'Матричные фары', 'LED матричные фары', 180000.00, true),
('a0000000-0000-0000-0000-000000000008', 'Беспроводная зарядка', 'Беспроводная зарядка для смартфона', 30000.00, true);

INSERT INTO trim_options (trim_id, option_id) VALUES
('80000000-0000-0000-0000-000000000001', 'a0000000-0000-0000-0000-000000000001'),
('80000000-0000-0000-0000-000000000001', 'a0000000-0000-0000-0000-000000000003'),
('80000000-0000-0000-0000-000000000001', 'a0000000-0000-0000-0000-000000000004'),
('80000000-0000-0000-0000-000000000002', 'a0000000-0000-0000-0000-000000000001'),
('80000000-0000-0000-0000-000000000002', 'a0000000-0000-0000-0000-000000000002'),
('80000000-0000-0000-0000-000000000002', 'a0000000-0000-0000-0000-000000000003'),
('80000000-0000-0000-0000-000000000002', 'a0000000-0000-0000-0000-000000000004'),
('80000000-0000-0000-0000-000000000002', 'a0000000-0000-0000-0000-000000000005'),
('80000000-0000-0000-0000-000000000003', 'a0000000-0000-0000-0000-000000000001'),
('80000000-0000-0000-0000-000000000003', 'a0000000-0000-0000-0000-000000000003'),
('80000000-0000-0000-0000-000000000004', 'a0000000-0000-0000-0000-000000000001'),
('80000000-0000-0000-0000-000000000004', 'a0000000-0000-0000-0000-000000000002'),
('80000000-0000-0000-0000-000000000004', 'a0000000-0000-0000-0000-000000000006'),
('80000000-0000-0000-0000-000000000005', 'a0000000-0000-0000-0000-000000000001'),
('80000000-0000-0000-0000-000000000005', 'a0000000-0000-0000-0000-000000000002'),
('80000000-0000-0000-0000-000000000005', 'a0000000-0000-0000-0000-000000000007'),
('80000000-0000-0000-0000-000000000006', 'a0000000-0000-0000-0000-000000000001'),
('80000000-0000-0000-0000-000000000006', 'a0000000-0000-0000-0000-000000000002'),
('80000000-0000-0000-0000-000000000006', 'a0000000-0000-0000-0000-000000000006'),
('80000000-0000-0000-0000-000000000006', 'a0000000-0000-0000-0000-000000000007'),
('80000000-0000-0000-0000-000000000007', 'a0000000-0000-0000-0000-000000000001'),
('80000000-0000-0000-0000-000000000007', 'a0000000-0000-0000-0000-000000000003'),
('80000000-0000-0000-0000-000000000007', 'a0000000-0000-0000-0000-000000000005'),
('80000000-0000-0000-0000-000000000008', 'a0000000-0000-0000-0000-000000000001'),
('80000000-0000-0000-0000-000000000008', 'a0000000-0000-0000-0000-000000000002'),
('80000000-0000-0000-0000-000000000008', 'a0000000-0000-0000-0000-000000000006'),
('80000000-0000-0000-0000-000000000008', 'a0000000-0000-0000-0000-000000000008');

INSERT INTO service_types (service_type_id, name, category, description, price, duration_minutes, is_available) VALUES
('b0000000-0000-0000-0000-000000000001', 'ТО-1', 'maintenance', 'Первое техническое обслуживание', 5000.00, 60, true),
('b0000000-0000-0000-0000-000000000002', 'ТО-2', 'maintenance', 'Второе техническое обслуживание', 8000.00, 90, true),
('b0000000-0000-0000-0000-000000000003', 'Замена масла', 'maintenance', 'Замена моторного масла и фильтра', 3000.00, 30, true),
('b0000000-0000-0000-0000-000000000004', 'Замена тормозных колодок', 'repair', 'Замена передних и задних тормозных колодок', 12000.00, 120, true),
('b0000000-0000-0000-0000-000000000005', 'Диагностика двигателя', 'diagnostics', 'Компьютерная диагностика двигателя', 2500.00, 45, true),
('b0000000-0000-0000-0000-000000000006', 'Диагностика подвески', 'diagnostics', 'Диагностика элементов подвески', 2000.00, 30, true),
('b0000000-0000-0000-0000-000000000007', 'Полировка кузова', 'detailing', 'Полная полировка кузова', 15000.00, 180, true),
('b0000000-0000-0000-0000-000000000008', 'Химчистка салона', 'detailing', 'Глубокая химчистка салона', 8000.00, 120, true),
('b0000000-0000-0000-0000-000000000009', 'Замена шин', 'tires', 'Сезонная замена шин', 2000.00, 60, true),
('b0000000-0000-0000-0000-000000000010', 'Балансировка колес', 'tires', 'Балансировка всех колес', 1500.00, 45, true);

INSERT INTO news (news_id, title, content, author_id, is_published, published_at) VALUES
('c0000000-0000-0000-0000-000000000001', 'Новая модель Toyota Camry 2024', 'Представляем новую модель Toyota Camry 2024 года с улучшенным дизайном и технологиями.', '00000000-0000-0000-0000-000000000001', true, NOW() - INTERVAL '5 days'),
('c0000000-0000-0000-0000-000000000002', 'Акция: скидка 10% на все услуги ТО', 'Специальное предложение: скидка 10% на все услуги технического обслуживания до конца месяца.', '00000000-0000-0000-0000-000000000001', true, NOW() - INTERVAL '3 days'),
('c0000000-0000-0000-0000-000000000003', 'Открытие нового филиала', 'Рады сообщить об открытии нового филиала в центре города с современным оборудованием.', '00000000-0000-0000-0000-000000000002', true, NOW() - INTERVAL '1 day'),
('c0000000-0000-0000-0000-000000000004', 'Новая линейка BMW', 'В продажу поступила новая линейка автомобилей BMW с расширенной комплектацией.', '00000000-0000-0000-0000-000000000001', false, NULL);

COMMIT;
