-- Демонстрационные данные CarKeeper (логичный сценарий автосалона + сервис).
-- Пароль всех пользователей: password123
-- Перед загрузкой на непустую БД: database/reset_data.sql

BEGIN;

-- ---------------------------------------------------------------------------
-- Пользователи (фиксированные UUID — совместимость с integration-тестами)
-- ---------------------------------------------------------------------------
INSERT INTO users (user_id, first_name, last_name, email, phone, password_hash, role) VALUES
('00000000-0000-0000-0000-000000000001', 'Иван', 'Иванов', 'admin@carkeeper.ru', '+7 (495) 100-00-01', '$2a$10$IQaLOv0i6vMvmLG9RN5faepetF/cXw0U9J54aDtzdo4fzNdtpTXmO', 'admin'),
('00000000-0000-0000-0000-000000000002', 'Пётр', 'Петров', 'manager@carkeeper.ru', '+7 (495) 100-00-02', '$2a$10$IQaLOv0i6vMvmLG9RN5faepetF/cXw0U9J54aDtzdo4fzNdtpTXmO', 'manager'),
('00000000-0000-0000-0000-000000000003', 'Мария', 'Сидорова', 'service_advisor@carkeeper.ru', '+7 (495) 100-00-03', '$2a$10$IQaLOv0i6vMvmLG9RN5faepetF/cXw0U9J54aDtzdo4fzNdtpTXmO', 'service_advisor'),
('00000000-0000-0000-0000-000000000004', 'Ольга', 'Кузнецова', 'customer@carkeeper.ru', '+7 (916) 200-04-04', '$2a$10$IQaLOv0i6vMvmLG9RN5faepetF/cXw0U9J54aDtzdo4fzNdtpTXmO', 'customer'),
('00000000-0000-0000-0000-000000000005', 'Дмитрий', 'Волков', 'dmitry@carkeeper.ru', '+7 (903) 300-05-05', '$2a$10$IQaLOv0i6vMvmLG9RN5faepetF/cXw0U9J54aDtzdo4fzNdtpTXmO', 'customer');

-- ---------------------------------------------------------------------------
-- Филиалы (расписание для слотов записи на ТО)
-- ---------------------------------------------------------------------------
INSERT INTO branches (branch_id, name, address, phone, email, is_active, timezone, workday_start_minutes, workday_end_minutes, slot_step_minutes, concurrent_bays) VALUES
('10000000-0000-0000-0000-000000000001', 'Центральный сервис', 'г. Москва, Ленинградский пр., 39, стр. 1', '+7 (495) 111-11-11', 'center@carkeeper.ru', true, 'Europe/Moscow', 540, 1200, 30, 2),
('10000000-0000-0000-0000-000000000002', 'Северный сервис', 'г. Москва, Дмитровское ш., 110', '+7 (495) 222-22-22', 'north@carkeeper.ru', true, 'Europe/Moscow', 600, 1140, 30, 3),
('10000000-0000-0000-0000-000000000003', 'Южный (реконструкция)', 'г. Москва, Варшавское ш., 47', '+7 (495) 333-33-33', 'south@carkeeper.ru', false, 'Europe/Moscow', 540, 1080, 30, 2);

-- ---------------------------------------------------------------------------
-- Каталог
-- ---------------------------------------------------------------------------
INSERT INTO brands (brand_id, name, country) VALUES
('20000000-0000-0000-0000-000000000001', 'Toyota', 'Япония'),
('20000000-0000-0000-0000-000000000002', 'BMW', 'Германия'),
('20000000-0000-0000-0000-000000000003', 'Mercedes-Benz', 'Германия'),
('20000000-0000-0000-0000-000000000004', 'Audi', 'Германия'),
('20000000-0000-0000-0000-000000000005', 'Volkswagen', 'Германия');

INSERT INTO models (model_id, brand_id, name, segment, description) VALUES
('30000000-0000-0000-0000-000000000001', '20000000-0000-0000-0000-000000000001', 'Camry', 'D', 'Бизнес-седан для города и трассы'),
('30000000-0000-0000-0000-000000000002', '20000000-0000-0000-0000-000000000001', 'RAV4', 'J', 'Популярный городской кроссовер'),
('30000000-0000-0000-0000-000000000003', '20000000-0000-0000-0000-000000000002', '3 Series', 'D', 'Спортивный седан премиум-класса'),
('30000000-0000-0000-0000-000000000004', '20000000-0000-0000-0000-000000000002', 'X5', 'J', 'Премиальный кроссовер с полным приводом'),
('30000000-0000-0000-0000-000000000005', '20000000-0000-0000-0000-000000000003', 'C-Class', 'D', 'Комфортный седан Mercedes-Benz'),
('30000000-0000-0000-0000-000000000006', '20000000-0000-0000-0000-000000000004', 'A4', 'D', 'Бизнес-седан с quattro'),
('30000000-0000-0000-0000-000000000007', '20000000-0000-0000-0000-000000000005', 'Passat', 'D', 'Семейный седан с просторным салоном');

INSERT INTO generations (generation_id, model_id, name, year_from, year_to) VALUES
('40000000-0000-0000-0000-000000000001', '30000000-0000-0000-0000-000000000001', 'VIII (XV70)', 2017, 2023),
('40000000-0000-0000-0000-000000000002', '30000000-0000-0000-0000-000000000001', 'IX (XV80)', 2023, NULL),
('40000000-0000-0000-0000-000000000003', '30000000-0000-0000-0000-000000000002', 'V (XA50)', 2018, NULL),
('40000000-0000-0000-0000-000000000004', '30000000-0000-0000-0000-000000000003', 'G20', 2019, NULL),
('40000000-0000-0000-0000-000000000005', '30000000-0000-0000-0000-000000000004', 'G05', 2018, NULL),
('40000000-0000-0000-0000-000000000006', '30000000-0000-0000-0000-000000000005', 'W205', 2014, 2021),
('40000000-0000-0000-0000-000000000007', '30000000-0000-0000-0000-000000000005', 'W206', 2021, NULL),
('40000000-0000-0000-0000-000000000008', '30000000-0000-0000-0000-000000000006', 'B9', 2015, 2023),
('40000000-0000-0000-0000-000000000009', '30000000-0000-0000-0000-000000000007', 'B8', 2014, 2022);

INSERT INTO engine_types (engine_type_id, name) VALUES
('50000000-0000-0000-0000-000000000001', 'Бензиновый'),
('50000000-0000-0000-0000-000000000002', 'Дизельный'),
('50000000-0000-0000-0000-000000000003', 'Гибридный'),
('50000000-0000-0000-0000-000000000004', 'Электрический');

INSERT INTO transmissions (transmission_id, name) VALUES
('60000000-0000-0000-0000-000000000001', 'Механическая'),
('60000000-0000-0000-0000-000000000002', 'Автоматическая'),
('60000000-0000-0000-0000-000000000003', 'Роботизированная'),
('60000000-0000-0000-0000-000000000004', 'Вариатор');

INSERT INTO drive_types (drive_type_id, name) VALUES
('70000000-0000-0000-0000-000000000001', 'Передний'),
('70000000-0000-0000-0000-000000000002', 'Задний'),
('70000000-0000-0000-0000-000000000003', 'Полный');

INSERT INTO trims (trim_id, generation_id, name, base_price, engine_type_id, transmission_id, drive_type_id, is_available) VALUES
('80000000-0000-0000-0000-000000000001', '40000000-0000-0000-0000-000000000001', 'Comfort', 2890000.00, '50000000-0000-0000-0000-000000000001', '60000000-0000-0000-0000-000000000002', '70000000-0000-0000-0000-000000000001', true),
('80000000-0000-0000-0000-000000000002', '40000000-0000-0000-0000-000000000001', 'Elegance', 3190000.00, '50000000-0000-0000-0000-000000000001', '60000000-0000-0000-0000-000000000002', '70000000-0000-0000-0000-000000000001', true),
('80000000-0000-0000-0000-000000000003', '40000000-0000-0000-0000-000000000002', 'Comfort Hybrid', 3490000.00, '50000000-0000-0000-0000-000000000003', '60000000-0000-0000-0000-000000000004', '70000000-0000-0000-0000-000000000001', true),
('80000000-0000-0000-0000-000000000004', '40000000-0000-0000-0000-000000000003', 'Comfort', 3890000.00, '50000000-0000-0000-0000-000000000003', '60000000-0000-0000-0000-000000000002', '70000000-0000-0000-0000-000000000003', true),
('80000000-0000-0000-0000-000000000005', '40000000-0000-0000-0000-000000000004', '320i M Sport', 4590000.00, '50000000-0000-0000-0000-000000000001', '60000000-0000-0000-0000-000000000002', '70000000-0000-0000-0000-000000000002', true),
('80000000-0000-0000-0000-000000000006', '40000000-0000-0000-0000-000000000005', 'xDrive30d', 6790000.00, '50000000-0000-0000-0000-000000000002', '60000000-0000-0000-0000-000000000002', '70000000-0000-0000-0000-000000000003', true),
('80000000-0000-0000-0000-000000000007', '40000000-0000-0000-0000-000000000006', 'C 200', 4990000.00, '50000000-0000-0000-0000-000000000001', '60000000-0000-0000-0000-000000000002', '70000000-0000-0000-0000-000000000002', true),
('80000000-0000-0000-0000-000000000008', '40000000-0000-0000-0000-000000000007', 'C 200', 5290000.00, '50000000-0000-0000-0000-000000000001', '60000000-0000-0000-0000-000000000002', '70000000-0000-0000-0000-000000000002', true),
('80000000-0000-0000-0000-000000000009', '40000000-0000-0000-0000-000000000008', '40 TDI quattro', 4190000.00, '50000000-0000-0000-0000-000000000002', '60000000-0000-0000-0000-000000000003', '70000000-0000-0000-0000-000000000003', false);

INSERT INTO colors (color_id, name, hex_code, price_delta, is_available) VALUES
('90000000-0000-0000-0000-000000000001', 'Белый перламутр', '#F5F5F5', 0.00, true),
('90000000-0000-0000-0000-000000000002', 'Чёрный металлик', '#1A1A1A', 0.00, true),
('90000000-0000-0000-0000-000000000003', 'Серебристый', '#C0C0C0', 0.00, true),
('90000000-0000-0000-0000-000000000004', 'Красный', '#B91C1C', 45000.00, true),
('90000000-0000-0000-0000-000000000005', 'Синий', '#1D4ED8', 45000.00, true),
('90000000-0000-0000-0000-000000000006', 'Серый графит', '#4B5563', 0.00, true),
('90000000-0000-0000-0000-000000000007', 'Металлик премиум', NULL, 95000.00, true);

INSERT INTO options (option_id, name, description, price, is_available) VALUES
('a0000000-0000-0000-0000-000000000001', 'Кожаный салон', 'Отделка сидений и панелей натуральной кожей', 185000.00, true),
('a0000000-0000-0000-0000-000000000002', 'Панорамная крыша', 'Панорамное остекление крыши с шторкой', 210000.00, true),
('a0000000-0000-0000-0000-000000000003', 'Адаптивный круиз-контроль', 'ACC с удержанием в полосе', 89000.00, true),
('a0000000-0000-0000-0000-000000000004', 'Камера 360°', 'Круговой обзор и парковочный ассистент', 65000.00, true),
('a0000000-0000-0000-0000-000000000005', 'Подогрев сидений', 'Передние и задние сиденья с подогревом', 55000.00, true),
('a0000000-0000-0000-0000-000000000006', 'Навигация Pro', 'Навигация с онлайн-пробками и голосом', 125000.00, true),
('a0000000-0000-0000-0000-000000000007', 'Матричные LED-фары', 'Адаптивное освещение Matrix LED', 195000.00, true),
('a0000000-0000-0000-0000-000000000008', 'Беспроводная зарядка', 'Зарядка смартфона в подлокотнике', 35000.00, true);

INSERT INTO trim_options (trim_id, option_id) VALUES
('80000000-0000-0000-0000-000000000001', 'a0000000-0000-0000-0000-000000000001'),
('80000000-0000-0000-0000-000000000001', 'a0000000-0000-0000-0000-000000000003'),
('80000000-0000-0000-0000-000000000001', 'a0000000-0000-0000-0000-000000000004'),
('80000000-0000-0000-0000-000000000002', 'a0000000-0000-0000-0000-000000000001'),
('80000000-0000-0000-0000-000000000002', 'a0000000-0000-0000-0000-000000000002'),
('80000000-0000-0000-0000-000000000002', 'a0000000-0000-0000-0000-000000000003'),
('80000000-0000-0000-0000-000000000002', 'a0000000-0000-0000-0000-000000000005'),
('80000000-0000-0000-0000-000000000003', 'a0000000-0000-0000-0000-000000000003'),
('80000000-0000-0000-0000-000000000003', 'a0000000-0000-0000-0000-000000000006'),
('80000000-0000-0000-0000-000000000004', 'a0000000-0000-0000-0000-000000000001'),
('80000000-0000-0000-0000-000000000004', 'a0000000-0000-0000-0000-000000000005'),
('80000000-0000-0000-0000-000000000005', 'a0000000-0000-0000-0000-000000000001'),
('80000000-0000-0000-0000-000000000005', 'a0000000-0000-0000-0000-000000000007'),
('80000000-0000-0000-0000-000000000006', 'a0000000-0000-0000-0000-000000000002'),
('80000000-0000-0000-0000-000000000006', 'a0000000-0000-0000-0000-000000000006'),
('80000000-0000-0000-0000-000000000007', 'a0000000-0000-0000-0000-000000000001'),
('80000000-0000-0000-0000-000000000008', 'a0000000-0000-0000-0000-000000000008');

-- ---------------------------------------------------------------------------
-- Услуги сервиса
-- ---------------------------------------------------------------------------
INSERT INTO service_types (service_type_id, name, category, description, price, duration_minutes, is_available) VALUES
('b0000000-0000-0000-0000-000000000001', 'ТО-1', 'maintenance', 'Первое регламентное ТО: масла, фильтры, осмотр', 8900.00, 90, true),
('b0000000-0000-0000-0000-000000000002', 'ТО-2', 'maintenance', 'Второе ТО с расширенным чек-листом', 12900.00, 120, true),
('b0000000-0000-0000-0000-000000000003', 'Замена масла и фильтров', 'maintenance', 'Моторное масло, масляный и воздушный фильтр', 5900.00, 45, true),
('b0000000-0000-0000-0000-000000000004', 'Замена тормозных колодок', 'repair', 'Передняя и задняя ось, проверка дисков', 18900.00, 150, true),
('b0000000-0000-0000-0000-000000000005', 'Компьютерная диагностика', 'diagnostics', 'Считывание ошибок, отчёт клиенту', 3500.00, 45, true),
('b0000000-0000-0000-0000-000000000006', 'Диагностика подвески', 'diagnostics', 'Осмотр сайлентблоков, амортизаторов, рулевого', 2900.00, 30, true),
('b0000000-0000-0000-0000-000000000007', 'Полировка кузова', 'detailing', 'Восстановительная полировка + защита', 24900.00, 240, true),
('b0000000-0000-0000-0000-000000000008', 'Химчистка салона', 'detailing', 'Глубокая очистка обивки и ковров', 11900.00, 180, true),
('b0000000-0000-0000-0000-000000000009', 'Сезонная переобувка', 'tires', 'Снятие/установка колёс, момент затяжки', 4500.00, 60, true),
('b0000000-0000-0000-0000-000000000010', 'Балансировка 4 колёс', 'tires', 'Балансировка на стенде Hunter', 3200.00, 45, true),
('b0000000-0000-0000-0000-000000000011', 'Устаревший пакет ТО', 'maintenance', 'Снято с прайса — только для теста админки', 1.00, 30, false);

-- ---------------------------------------------------------------------------
-- Гараж клиентов
-- ---------------------------------------------------------------------------
INSERT INTO user_cars (user_car_id, user_id, trim_id, color_id, vin, year, current_mileage, purchase_date) VALUES
('d0000000-0000-0000-0000-000000000001', '00000000-0000-0000-0000-000000000004', '80000000-0000-0000-0000-000000000001', '90000000-0000-0000-0000-000000000001', 'JTDBT923503012345', 2021, 42800, '2021-06-15'),
('d0000000-0000-0000-0000-000000000002', '00000000-0000-0000-0000-000000000004', '80000000-0000-0000-0000-000000000004', '90000000-0000-0000-0000-000000000006', 'JTEAAAAH401234567', 2023, 18500, '2023-03-20'),
('d0000000-0000-0000-0000-000000000003', '00000000-0000-0000-0000-000000000005', '80000000-0000-0000-0000-000000000005', '90000000-0000-0000-0000-000000000002', 'WBA8E9C50NK123456', 2022, 31200, '2022-11-01');

-- ---------------------------------------------------------------------------
-- Конфигурации (черновик / подтверждена / в заказе)
-- ---------------------------------------------------------------------------
INSERT INTO configurations (configuration_id, user_id, trim_id, color_id, status, total_price) VALUES
('f0000000-0000-0000-0000-000000000001', '00000000-0000-0000-0000-000000000004', '80000000-0000-0000-0000-000000000002', '90000000-0000-0000-0000-000000000004', 'draft', 3585000.00),
('f0000000-0000-0000-0000-000000000006', '00000000-0000-0000-0000-000000000004', '80000000-0000-0000-0000-000000000003', '90000000-0000-0000-0000-000000000003', 'confirmed', 3490000.00),
('f0000000-0000-0000-0000-000000000002', '00000000-0000-0000-0000-000000000004', '80000000-0000-0000-0000-000000000003', '90000000-0000-0000-0000-000000000001', 'ordered', 3704000.00),
('f0000000-0000-0000-0000-000000000003', '00000000-0000-0000-0000-000000000004', '80000000-0000-0000-0000-000000000001', '90000000-0000-0000-0000-000000000002', 'ordered', 2890000.00),
('f0000000-0000-0000-0000-000000000004', '00000000-0000-0000-0000-000000000005', '80000000-0000-0000-0000-000000000005', '90000000-0000-0000-0000-000000000005', 'draft', 4635000.00),
('f0000000-0000-0000-0000-000000000005', '00000000-0000-0000-0000-000000000005', '80000000-0000-0000-0000-000000000005', '90000000-0000-0000-0000-000000000002', 'ordered', 4635000.00);

INSERT INTO configuration_options (configuration_id, option_id) VALUES
('f0000000-0000-0000-0000-000000000001', 'a0000000-0000-0000-0000-000000000001'),
('f0000000-0000-0000-0000-000000000001', 'a0000000-0000-0000-0000-000000000002'),
('f0000000-0000-0000-0000-000000000002', 'a0000000-0000-0000-0000-000000000003'),
('f0000000-0000-0000-0000-000000000002', 'a0000000-0000-0000-0000-000000000006'),
('f0000000-0000-0000-0000-000000000004', 'a0000000-0000-0000-0000-000000000007'),
('f0000000-0000-0000-0000-000000000005', 'a0000000-0000-0000-0000-000000000007');

-- f004/f005: 4590000 + 45000 + 195000 = 4830000
UPDATE configurations SET total_price = 4830000.00 WHERE configuration_id IN (
  'f0000000-0000-0000-0000-000000000004',
  'f0000000-0000-0000-0000-000000000005'
);

-- ---------------------------------------------------------------------------
-- Заказы (разные статусы, менеджер)
-- ---------------------------------------------------------------------------
INSERT INTO orders (order_id, user_id, configuration_id, manager_id, status, final_price) VALUES
('e0000000-0000-0000-0000-000000000001', '00000000-0000-0000-0000-000000000004', 'f0000000-0000-0000-0000-000000000003', '00000000-0000-0000-0000-000000000002', 'pending', 2890000.00),
('e0000000-0000-0000-0000-000000000002', '00000000-0000-0000-0000-000000000005', 'f0000000-0000-0000-0000-000000000005', '00000000-0000-0000-0000-000000000002', 'approved', 4830000.00),
('e0000000-0000-0000-0000-000000000003', '00000000-0000-0000-0000-000000000004', 'f0000000-0000-0000-0000-000000000002', '00000000-0000-0000-0000-000000000002', 'paid', 3704000.00);

-- ---------------------------------------------------------------------------
-- Записи на ТО (прошлая / будущая / отменённая)
-- ---------------------------------------------------------------------------
INSERT INTO service_appointments (service_appointment_id, user_car_id, branch_id, manager_id, appointment_date, duration_minutes, status, description) VALUES
('1a000000-0000-0000-0000-000000000001', 'd0000000-0000-0000-0000-000000000001', '10000000-0000-0000-0000-000000000001', '00000000-0000-0000-0000-000000000003',
 date_trunc('hour', NOW() - INTERVAL '12 days') + INTERVAL '10 hours', 90, 'completed', 'Плановое ТО-1, замена масла'),
('1a000000-0000-0000-0000-000000000002', 'd0000000-0000-0000-0000-000000000001', '10000000-0000-0000-0000-000000000001', NULL,
 date_trunc('hour', NOW() + INTERVAL '4 days') + INTERVAL '11 hours', 45, 'scheduled', 'Замена масла перед поездкой'),
('1a000000-0000-0000-0000-000000000003', 'd0000000-0000-0000-0000-000000000002', '10000000-0000-0000-0000-000000000002', '00000000-0000-0000-0000-000000000003',
 date_trunc('hour', NOW() + INTERVAL '6 days') + INTERVAL '14 hours', 45, 'scheduled', 'Диагностика перед зимой'),
('1a000000-0000-0000-0000-000000000004', 'd0000000-0000-0000-0000-000000000003', '10000000-0000-0000-0000-000000000001', NULL,
 date_trunc('hour', NOW() - INTERVAL '3 days') + INTERVAL '15 hours', 60, 'cancelled', 'Клиент перенёс на следующую неделю');

INSERT INTO service_appointment_types (service_appointment_id, service_type_id) VALUES
('1a000000-0000-0000-0000-000000000001', 'b0000000-0000-0000-0000-000000000001'),
('1a000000-0000-0000-0000-000000000002', 'b0000000-0000-0000-0000-000000000003'),
('1a000000-0000-0000-0000-000000000003', 'b0000000-0000-0000-0000-000000000005'),
('1a000000-0000-0000-0000-000000000004', 'b0000000-0000-0000-0000-000000000009');

-- ---------------------------------------------------------------------------
-- Документы (метаданные; файлы загружаются через UI в DOCUMENT_STORAGE_ROOT)
-- ---------------------------------------------------------------------------
INSERT INTO documents (document_id, user_id, order_id, service_appointment_id, document_type, file_path, file_name, file_size, mime_type) VALUES
('de000000-0000-0000-0000-000000000001', '00000000-0000-0000-0000-000000000004', 'e0000000-0000-0000-0000-000000000001', NULL, 'commercial_offer', 'seed-commercial-offer-001.pdf', 'Коммерческое предложение Camry.pdf', 245760, 'application/pdf'),
('de000000-0000-0000-0000-000000000002', '00000000-0000-0000-0000-000000000004', 'e0000000-0000-0000-0000-000000000001', NULL, 'order_contract', 'seed-contract-001.pdf', 'Договор купли-продажи.pdf', 512000, 'application/pdf'),
('de000000-0000-0000-0000-000000000003', '00000000-0000-0000-0000-000000000004', NULL, '1a000000-0000-0000-0000-000000000001', 'service_act', 'seed-service-act-001.pdf', 'Акт выполненных работ ТО-1.pdf', 189440, 'application/pdf');

-- ---------------------------------------------------------------------------
-- Новости
-- ---------------------------------------------------------------------------
INSERT INTO news (news_id, title, content, author_id, is_published, published_at) VALUES
('c0000000-0000-0000-0000-000000000001', 'Camry IX уже в каталоге конфигуратора', 'Доступны комплектации Comfort Hybrid и полный выбор опций. Соберите автомобиль онлайн и оформите заказ без визита в салон.', '00000000-0000-0000-0000-000000000002', true, NOW() - INTERVAL '7 days'),
('c0000000-0000-0000-0000-000000000002', 'Скидка 15% на ТО-1 и ТО-2 до конца месяца', 'Запишитесь на сервис в центральном или северном филиале. Акция действует для всех марок из гаража клиента.', '00000000-0000-0000-0000-000000000001', true, NOW() - INTERVAL '4 days'),
('c0000000-0000-0000-0000-000000000003', 'Северный сервис: три поста и онлайн-запись', 'Увеличили пропускную способность — свободные слоты отображаются в личном кабинете в реальном времени.', '00000000-0000-0000-0000-000000000003', true, NOW() - INTERVAL '2 days'),
('c0000000-0000-0000-0000-000000000004', 'BMW M Performance: скоро в наличии', 'Черновик новости для проверки публикации в админ-разделе.', '00000000-0000-0000-0000-000000000001', false, NULL);

COMMIT;
